name,ja,zh
availableInform.title,アイテム有効期限のお知らせ,
availableInform.description,アイテムの有効期限が                 となっております\n有効期限が過ぎますと\n%{contentName}の\n使用ができなくなります,
availableInform.remainTime,あと%{remainTime},
achievementRewardDialog.message,以下のアイテムがプレゼントBOXに送られました,
achievementRewardDialog.rewardNameNum,%{name} x %{num},
beginnerMission.headerTitle,初心者ミッション,
beginnerMission.detailPopTitle,初心者ミッション詳細,
beginnerMission.receivePopTitle,初心者ミッション達成,
downLoad.confirmTitle,データダウンロード,
downLoad.confirmComment,ゲームデータを一括でダウンロードし、端末に保存しますゲーム中の読み込み時間が減るため、より快適にプレイすることができます最大約 %{gb} GB のデバイスの空き容量が必要となります,
downLoad.persistMessageMobile,データダウンロードを開始するためには\rアイドルマスターシャイニーカラーズのURL(shinycolors.enza.fun)を\rホーム画面に追加、またはブックマークする必要があります,
downLoad.persistMessagePc,データダウンロードを開始するためには\nアイドルマスターシャイニーカラーズのURL(shinycolors.enza.fun)を\nブックマークする必要があります,
downLoad.deleteTitle,ダウンロードデータ削除,
downLoad.deletingComment,データを削除中です\n,
downLoad.deletedComment,データ削除が完了しました\n,
downLoad.completeMessage,ダウンロードが完了しました,
comic.categories.web,WEB４コマ,
comic.categories.special,特別編,
comic.categories.limited,限定４コマ,
comic.otherUnitName,[その他],
comic.storyNumberText,第%{chapter}話,
comic.filterTitle,４コマ漫画検索,
comic.notFound,条件に合うものが見つかりません,
comic.paginationLabel,%{currentPage} / %{maxPage},
comic.openAt,%{openAt}更新,
comic.charactersDialogTitle,登場人物一覧,
splash.message,■ご注意■\nこのゲームは無料で遊ぶことができますが、\n一部有料のコンテンツがあります。\n\n■未成年の方へ■\n未成年の方が有料コンテンツを購入する場合は、 \n必ず法定代理人（ご両親等）の同意を得てから\n購入してください。\n※ないようがわからないときは\nおうちのひとにがめんをみせてください\n,
temp.supportEvent,サポートイベント,
announce.event,イベント,
announce.campaign,キャンペーン,
announce.gasha,ガシャ,
announce.update,アップデート,
announce.maintenance,メンテナンス,
announce.problem,不具合,
announce.ticket,チケット,
businessSlotExpansion,追加営業枠,
bnCoin,バナコイン,
characterAlbum.tab.voice,ボイス,
characterAlbum.tab.costume,衣装,
characterAlbum.tab.commu,共通コミュ,
characterAlbum.tab.pIdol,アイドル,
characterAlbum.tab.sIdol,アイドル,
characterAlbum.tab.profile,プロフィール,
characterAlbum.menu.itemCountLabel.released,解放数,
characterAlbum.menu.itemCountLabel.possession,所持数,
characterAlbum.commu.albumType.wing,W.I.N.G.編,
characterAlbum.commu.albumType.fan_meeting,283プロダクション ファン感謝祭編,
characterAlbum.commu.albumType.common,共通,
characterAlbum.voiceDetailPop.title,ボイス詳細,
characterAlbum.voiceDetailPop.useItem.title,%{itemName}を使ってボイスを解放できます,
characterAlbum.voiceDetailPop.notice,%{itemName}での解放は%{date}より可能です,
common.day,%{day}日,
common.hour,%{hour}時間,%{hour}小时
common.min,%{min}分,
common.sec,%{sec}秒,
common.title,称号,
common.login,ログイン,
common.item,アイテム,
common.exSkill,Exスキル,Ex技能
common.people,%{num}人,
common.sheet,%{num}枚,
common.expireDatetimeString,mm/dd HH:MM为止,
common.plusMessage,+%{name},
common.pIdol,プロデュースアイドル,
common.sIdol,サポートアイドル,
common.quantityMessage,x%{quantity},
common.quantityMessageWithName,%{name} x%{quantity},
common.remainingTimeMessage,あと %{min}:%{sec},
common.lv,Lv.%{level},
common.staff,はづき,
common.horizontalEllipsis,...,
common.selectPaymentMethodTitle,決済方法選択,
common.exchangeItemForAlbum,アルバムの鍵,
common.gaugeNumberMessage,%{progress}/%{progressMax},
common.leftBracket,【,
common.rightBracket,】,
common.bulletPoint,・,
common.useItemToReleaseSomething,%{itemName}を使用して%{releasedThingName}を解放しました,
common.commu,コミュ,
common.voice,ボイス,
common.nicknameChangedForRanking.title,ご案内,
common.nicknameChangedForRanking.message,ランキング上の表示は次回集計時に反映されます,
commonMenu.bannerListTitle,キャンペーン一覧,
commonMenu.fesIdolLimit.title,フェスアイドル所属上限,
commonMenu.fesIdolLimit.text,これ以上フェスアイドルを所属させられません\nフェスアイドル詳細画面から移籍を行ってください,
commonMenu.produceRetire.title,プロデュース終了,
commonMenu.produceRetire.comment1,プロデュース中のデータは失われます\n消費したスタミナと\nプロデュースアイテムは返却されません,
commonMenu.produceRetire.comment2,進行中のプロデュースを終了して\n新たなアイドルをプロデュースします,
commonMenu.produceResume.title,プロデュース再開,
commonMenu.menuPop.title,メニュー,
commonMenu.backToTitleConfirm.title,タイトルへ戻る,
commonMenu.backToTitleConfirm.text,タイトルへ戻ります。\nよろしいですか？,
commonMenu.dataLinkPop.title,機種変更・データ連携,
commonMenu.dataLinkConfirmPop.title,データ連携確認,
commonMenu.loginPop.title,ログイン,
commonMenu.loginConfirm.title,ログイン確認,
concert.judgeDetailDialog.titles.judge,%{attribute}審査員,
concert.judgeDetailDialog.titles.instructor,%{attribute}コーチ,
concert.judgeDetailDialog.titles.fan,%{attribute}重視の観客,
concert.playerIdol.retire,Retire,
concert.produceIdolComment,私の歌、届け！,
concert.pauseDialog.produceSkill,プロデュースアイドル所持スキル,
concert.pauseDialog.supportSkill,サポートアイドル所持スキル,
concert.passiveSkillDetailListDialog.title,発動中のパッシブスキル,
concert.passiveSkillDetailListDialog.emptyMessage,効果情報はありません,
concert.statusEffect.leftTurn,残り%{leftTurn}ターン,
concert.statusEffect.remainTimes,残り%{remainTimes}回,
concert.statusEffect.noStatusEffectMessage,効果情報はありません,
concertResult.entryNumber,エントリーNo.%{number},
concertResult.statusUp.message,+%{upPoint},
copyright.title,コピーライト,
copyright.holders.bne.title,権利表記,
copyright.holders.bne.message,© 2018 BANDAI NAMCO Entertainment Inc.,
countdown.season,シーズン%{seasonNum}終了まで,
deck.autoSelectDialog.title,おまかせ編成,
deck.autoSelectDialog.noUserIdol,おまかせ編成を使用するには\nプロデュースアイドルを設定してください,
deck.autoSelectDialog.description,設定中のプロデュースアイドルによって編成内容を判別します\n編成の方針を選択してください,
deck.autoSelectSuccessDialog.title,おまかせ編成,
deck.autoSelectSuccessDialog.advice1.beforeType,今回のユニットは,
deck.autoSelectSuccessDialog.advice1.afterType,が得意なメンバーで,
deck.autoSelectSuccessDialog.advice1.nextLine,編成されています！,
deck.autoSelectSuccessDialog.advice2.beforeType,プロデュース中は,
deck.autoSelectSuccessDialog.advice2.afterType,を重点的に,
deck.autoSelectSuccessDialog.advice2.nextLine,レッスンするといいですよ♪,
deck.autoSelectSuccessDialog.description,サポートアイドルを%{type}編成で設定しました,
deck.deckNumber,ユニット%{deckNumber},
deck.memberShortageNotice,アイドルがセットされていないのでスタートできません,
deck.swapCharacterWarning,ユニット内の同一のアイドルが外れてしまいますが本当によろしいですか？,
deck.title.confirm,確認,确认
deck.title.deckModify,ユニット名編集,
deck.title.orderSelectPop,並べ替え変更,
deck.title.staminaRecoverPop,スタミナ回復,
deck.title.startProducePop,使用確認,使用确认
deck.title.useCoinPop,使用確認,使用确认
deck.title.supportSkillListPop,サポートスキルボーナス一覧,
emSpace,　,
ending.headerTitle.endingCEOReport,社長からの評価,
ending.headerTitle.fesIdolBirth,フェスアイドル誕生,
ending.fesIdolCheckPop.title,フェスアイドル確認,
ending.fesIdolCheckPop.comment,フェスアイドルの誕生を行います。よろしいですか？,
ending.fesIdolCheckPop.warning,残りの所持SPは失われます。,
ending.fesIdolRewardPop.title,プロデュースクリア報酬,
ending.fesIdolRewardPop.comment,下記アイテムを入手しました,
ending.fesIdolRewardPop.maxMessage,所持枠を超えているものはプレゼントボックスに送られました,
ending.fesIdolRewardPop.itemNameNum,%{type} ×%{num},
ending.presidentComment,ご苦労だったな次回も頑張ってもらうぞ！期待しているからな,
ending.totalFan.idolName,【%{name}】累計ファン人数,
ending.reward.multipleNum,×%{num},
ending.possessionCountOverExSkillRewardPop.title,所持上限に達しています,
ending.possessionCountOverExSkillRewardPop.exSkillName,%{idolType}【%{idolName}専用】\n%{skillName},
ending.possessionCountOverExSkillRewardPop.idolType.produce,プロデュース,
ending.possessionCountOverExSkillRewardPop.idolType.support,サポート,
error.pageNotFound,Page Not Found\n指定されたページは見つかりませんでした。,
errorDialog.announceTitle,ご案内,
errorDialog.errorTitle,エラー,
errorDialog.confirmTitle,確認,确认
errorDialog.updateNativeAppVersionTitle,最新バージョン確認,
errorDialog.fesResumeTitle,フェス再開,
errorDialog.updateVersion,バージョンが更新されました。,
errorDialog.updateNativeAppVersion,アプリのバージョンアップが必要です。\nストアから最新バージョンを\nダウンロードしてください。,
errorDialog.invalidSession,セッション更新の必要があります。\n\n何度も発生する場合は\nゲーム内の「お知らせ」→「お問い合わせ」より\nお問い合わせください。\n\nお問い合わせID: %{requestId}\nエラーコード: %{errorCode},
errorDialog.produceDuplicate,進行中のプロデュースがあるので\n開始できませんでした。\n一度プロデュースを終了してから始めてください。,
errorDialog.fesSeason,フェスのシーズンが切り替わりました。,
errorDialog.fesMatchRivalsError,進行していたフェスはすでに終了しました。\n再開することができませんでした。,
errorDialog.forbidden,アクセスは許可されていません。,
errorDialog.fullDownloadErrorForNative,リソースの読み込みに失敗しました。\nネットワーク環境をご確認ください。,
errorDialog.simpleOther,エラーが発生しました。\n\n何度も発生する場合は\nゲーム内の「お知らせ」→「お問い合わせ」より\nお問い合わせください。,
errorDialog.other,エラーが発生しました。\n\n何度も発生する場合は\nゲーム内の「お知らせ」→「お問い合わせ」より\nお問い合わせください。\n\nお問い合わせID: %{requestId}\nエラーコード: %{errorCode},
errorDialog.timeout,通信中にエラーが発生しました。\n時間をおいてもう一度お試しください。,
errorDialog.resourceDownloadError,通信中にエラーが発生しました。\nネットワーク環境をご確認の上\nもう一度お試しください。,
errorDialog.unavailableGasha,ガシャのラインナップが更新されました。,
errorDialog.resourceLoadFailed,リソースの読み込みに失敗しました。\nページの再読み込みをお試しください。,
errorDialog.sdkLoginLoadFailed,認証に失敗しました。\n通信環境をご確認の上、ページの再読み込みをお試しください。\n何度も発生する場合はブラウザキャッシュクリアをお試しください。\n\nゲストメンバーの方はデータ消失の恐れがあります。\nenza にメンバー登録する事で中断データの復帰が可能になります。\nenza メンバー登録の上、キャッシュクリアをお試しください。\n,
errorDialog.sdkLoginLoadFailedApp,認証に失敗しました。\n通信環境をご確認の上、再読み込みをお試しください。\n何度も発生する場合は時間をおいてお試しください。\n,
errorDialog.unsubscribedApp,退会済みのアカウントが検出されました。\nアプリケーションの再インストールをお試しください。,
errorDialog.unsubscribed,退会済みのアカウントが検出されました。\nタイトルへ戻ります。\n何度も発生する場合は\nクッキーの削除をお試しください。,
errorDialog.accountFreezeShort,調査の為、一時的にご利用を制限しております。\n対応が完了次第制限解除いたしますので\nしばらくお待ち下さい。\nお客様にはご迷惑をお掛けいたしますが\nご協力をお願いいたします。,
errorDialog.earthPaymentFailure,プラットフォームの決済処理が\n正常に行われませんでした。\n再度時間をおいてお試しください。\n\n何度も発生する場合は\nゲーム内の「お知らせ」→「お問い合わせ」より\nお問い合わせください。\n\nお問い合わせID: %{requestId}\nエラーコード: %{errorCode},
errorDialog.earthPaymentFailureFatal,プラットフォームの決済処理が\n正常に行われませんでした。ゲーム内の「お知らせ」→「お問い合わせ」より\nお問い合わせください。\n\nお問い合わせID: %{requestId}\nエラーコード: %{errorCode},
errorDialog.sceneMaintenance,本機能は、一時的にご利用を制限しております。\n対応が完了次第制限解除いたしますので\nしばらくお待ち下さい。\nお客様にはご迷惑をお掛けいたしますが\nご協力をお願いいたします。,
errorDialog.playMovie,動画再生に失敗しました。,
errorDialog.businessIsNotFinished,営業が完了していません。\n少し時間を置いてから再度完了してください。,
errorDialog.purchaseErrorTitle,購入エラー,
errorDialog.purchaseError,ご購入の処理中に\nエラーが発生したため、ご購入が\n正しく終了されませんでした。,
errorDialog.purchaseDeferredTitle,制限,
errorDialog.purchaseDeferred,ご購入が制限されております。\n制限が解除されるまでご購入はできません。,
errorDialog.purchaseRestoreTitle,購入エラー,
errorDialog.purchaseRestore,購入処理を完了できませんでした。\nしばらくしてからもう一度お試しください。\n購入のリトライをしますか？,
errorDialog.note.noSettlementProcess,※再読み込みしてもバナコイン、フェザージュエル\n決済処理が多重に行われることはありません。,
errorDialog.contextLost.appText,画像の読み込みに失敗しました。\n再読み込みボタンを押して再読み込みしてください。\n改善されない場合には\nアプリの再起動をお試しください。,
errorDialog.contextLost.browserText,画像の読み込みに失敗しました。\n再読み込みボタンを押して再読み込みしてください。\n改善されない場合には\nブラウザの再起動をお試しください。,
errorDialog.contextLost.buttonText,再読み込み,
evolutionItem,特訓はづきさん,
exchangeItem.costumeTicket.original,衣装交換チケット,
exchangeItem.costumeTicket.simple,チケット,
exchangeItem.communicationRelease.original,アルバムの鍵,
exchangeItem.businessMotivationItem.original,差し入れアイテム,
exchangeItem.businessMotivationItem.simple,差し入れアイテム,
gameEventPoint,イベントpt,活动pt
idolPortal.staffComment1,あ、プロデューサーさん、アイドル達に会いに来てくれたんですね,
idolPortal.staffComment2,みんながプロデューサーさんを待っていますよ～,
idolPortal.staffComment3,アイドルの育成はプロデューサーさんの大切なお仕事ですからね～,
idolPortal.staffComment4,トレーニングでアイドルを成長させましょう,
idolPortal.staffComment5,特訓でアイドル達の力をさらに引き出してあげましょう,
idolPortal.staffComment6,プロデューサーさんの現在の担当アイドルはこちらで確認できます,
jewelDetailDialog.title,所持フェザージュエル確認,
evolution.skillListTitle,解放されるスキル,
evolution.confirm.title,特訓確認,
evolution.confirm.comment,選択した対象を消費して、特訓をします。\nよろしいですか？,
evolution.complete.title,特訓結果,
evolution.complete.comment,特訓が完了しました！,
evolution.costumeRelease.first,最大まで特訓したことによって\n,
evolution.costumeRelease.second,の衣装に\n変更可能になりました！,
fes.top.title,フェス,
fes.top.scoreTitle,現在のスコア,目前的分数
fes.top.rankingTitle,グレード内順位/,当前等级内排名/
fes.top.score,%{value}pt,
fes.top.ranking,%{value}位,
fes.top.rankingInCalculation,集計中,
fes.top.gradeTotalUserNum,%{value}人中,
fes.top.gradeEvaluationLimit,グレード判定期間  %{mounth}/%{date} %{hour}:%{minute}まで,
fes.top.gradeProcessing,グレード集計期間  %{mounth}/%{date} %{hour}:%{minute}まで,
fes.difficultySelect.rehearsalMessage,フェスリハーサルの難易度を選択してください,
fes.difficultySelect.gradeMatchMessage,グレードフェスの難易度を選択してください,
fes.deck.memoryBonus,x%{value},
fes.ready.title,参加ユニット,
fes.ready.description,テンション決定後は前の画面には戻れません\nフェス参加権を%{consumedFesTicket}消費します,
fes.resumeDialog.title,フェス再開,
fes.resumeDialog.text,進行中のフェスがあります。\nフェスを再開しますか？,
fes.terminateDialog.title,フェス終了,
fes.terminateDialog.text,進行中のフェスを終了します。,
fes.terminateDialog.textWarning,フェス参加権は返却されません,
fes.fesDeck.title,フェスユニット編成,
fes.fesDeck.invalidFesDeckNotice.title,確認,确认
fes.fesDeck.invalidFesDeckNotice.message,フェスユニットに空きがあるため\n編成を終了できません,
fes.fesDeckView.title,確認,确认
fes.fesDeckView.message,このアイドルは既に移籍済みのため\n詳細を確認できませんでした,
fes.fesIdolSelect.title,%{positionName}選択,
fes.fesIdolSelect.confirmationTitle,%{positionName}入替,
fes.skillChange.description,ライブスキルを\n2つ選択してください,
fes.fesPositionName.vocal,ボーカル,
fes.fesPositionName.dance,ダンス,
fes.fesPositionName.visual,ビジュアル,
fes.fesPositionName.leader,リーダー,
fes.fesPositionName.center,センター,
fes.pauseSkillTitle.vocal,ボーカル担当,
fes.pauseSkillTitle.dance,ダンス担当,
fes.pauseSkillTitle.visual,ビジュアル担当,
fes.pauseSkillTitle.leader,リーダー,
fes.pauseSkillTitle.center,センター,
fes.orderText,%{order}位,
fes.result.changedSeasonMessage,グレードフェスのシーズンが切り替わったため、\n今回のスコアはグレードに反映されません。,
fes.result.match.title,LV%{level} グレードフェス,
fes.result.match.bonusTitle,ボーナス,
fes.result.rehearsal.title,フェスリハーサル,
fes.result.rehearsal.bonusTitle,難易度,
fes.result.ranking,%{value}位,
fes.result.outOfRanking,ランキング範囲外,
fes.result.scoreDetail.title,スコア詳細,
fes.result.scoreDetail.item,項目,
fes.result.scoreDetail.point,ポイント,
fes.result.scoreDetail.pointValue,%{value} pt,
fes.result.scoreDetail.order,順位評価 %{order}位,
fes.result.scoreDetail.star,スター獲得数×%{star},
fes.result.scoreDetail.totalScore,ポイント合計,
fes.result.scoreDetail.bonus,ボーナス倍率,
fes.result.scoreDetail.bonusValue,×%{value},
fes.result.scoreDetail.totalBonus,ボーナス合計,
fes.result.scoreDetail.finalScore,総合スコア,
fes.fesGradeEvaluationReward.title,報酬内容,
fes.fesGradeEvaluationReward.message,以下のアイテムがプレゼントに送られました,
fes.fesGradeEvaluationReward.itemNameNum,%{type} ×%{num},
fes.fesGradeEvaluationReward.comment.newRecord,初めてのグレードLv%{gradeId}到達、おめでとうございますミッション報酬も忘れずに受け取ってくださいね♪,
fes.fesGradeEvaluationReward.comment.gradeUp,グレードアップですプロデューサーさん、良い調子ですね♪,
fes.fesGradeEvaluationReward.comment.gradeKeep,グレードキープです、今回も頑張りましょう私も応援していますね♪,
fes.fesGradeEvaluationReward.comment.gradeDown,今回はLv%{gradeId}のグレードになります引き続き、グレードアップを目指していきましょうね,
fes.ranking.score,%{score}pt,
fes.ranking.emptyNotice,現在ランキング集計中です,
fes.ranking.updateIntervalWarning,※最新のランキング反映までに時間がかかる場合があります,
fes.fesGradeRewardPop.title,グレードフェス報酬,
fes.fesGradeRewardPop.gradeReward.title,所属グレード報酬について,
fes.fesGradeRewardPop.gradeReward.description,所属グレードは基本的に「フェス流行の更新」と同じタイミングで更新されます。グレード更新後、フェス画面にて所属グレード報酬がプレゼントに送られます。最新の所属グレード以外の報酬は受け取ることができませんので、ご注意ください。,
fes.fesGradeRewardPop.gradeReward.colTitle1,所属グレード,
fes.fesGradeRewardPop.gradeReward.colTitle2,報酬内容,
fes.fesGradeRewardPop.missionReward.title,初回昇格報酬について,
fes.fesGradeRewardPop.missionReward.description,初めてLv.2以上の各グレードに昇格した際、特別な報酬を入手できます。報酬は「ミッション」からお受け取りください。,
fes.fesGradeRewardPop.missionReward.colTitle1,昇格グレード,
fes.fesGradeRewardPop.missionReward.colTitle2,報酬内容,
gameEvent.achievementRewardDialog.title,ミッション達成累積報酬,
gameEvent.achievementRewardDialog.message,以下のアイテムがプレゼントBOXに送られました,
gameEvent.achievementRewardDialog.rewardNameNum,%{name} x %{num},
gameEvent.achievementRewardDetailDialog.title,ミッション達成累積報酬詳細,
gameEvent.achievementRewardDetailDialog.missionDetailTitle,ミッション%{progressMax}個達成報酬,
gameEvent.schedule,開催期限 %{closeAt}まで,
gameEvent.rewardReceivableSchedule,受取期限 %{closeAt}まで,
gameEvent.gashaSchedule,ガシャ期限 %{closeAt}まで,
gameEvent.communicationsDialog.title,イベントコミュ,
gameEvent.communicationsDialog.noticeMessage,コミュはイベントショップから解放可能です,
gameEvent.specialCommunicationsDialog.title,スペシャルコミュ,
gameEvent.specialCommunicationsDialog.unreleasedTitle,？？？？,
gameEvent.resumeSpecialCommunicationsDialog.title,シナリオ再生確認,
gameEvent.resumeSpecialCommunicationsDialog.message,進行中のシナリオがあります再開しますか？,
gameEvent.boxGasha.acquiredItemRatio,%{acquiredItemCount}/%{originItemCount},
gameEvent.boxGasha.noCheckItem,チェック中のアイテムはありません,
gameEvent.boxGasha.lastBox,最後のボックスです,
gameEvent.boxGasha.completedComment,%{boxName}のアイテムはすべて引き終わりました次のボックスへ移動してください,
gameEvent.boxGasha.checkItemDialog.title.change,ボックス詳細,
gameEvent.boxGasha.checkItemDialog.title.confirm,チェック中のアイテム確認,
gameEvent.boxGasha.checkItemDialog.text.change,チェック中のアイテムはイベントTOPで残り状況を確認できます,
gameEvent.boxGasha.checkItemDialog.text.lastChange,最後のボックスです。アイテム数は無制限となります,
gameEvent.boxGasha.checkItemDialog.text.confirm,チェック中のアイテムが残っています。ボックス移動しますか？,
gameEvent.boxGasha.checkItemDialog.text.notAcquired,未獲得,
gameEvent.boxGasha.nextBoxDialog.title,ボックス移動確認,
gameEvent.boxGasha.nextBoxDialog.hasNoRemainingItemsText,次のボックスに移動します,
gameEvent.boxGasha.nextBoxDialog.hasRemainingItemsText,チェックしたアイテムを獲得していません次のボックスに移動しますか？,
gameEvent.boxGasha.nextBoxDialog.caution,移動した場合、ボックスの中身を戻すことはできません,
gameEvent.boxGasha.nextBoxDialog.check,移動を有効にする,
gameEvent.boxGasha.rewardDialogTitle,結果,
gameEvent.boxGasha.tabBoxName,ボックス,
unitBonusBanner.schedule,%{closeAt}まで,
idolList.filterTitle,絞り込み,
idolList.sortTitle,並び替え,
idolList.emptyMessage,所持しているアイドルがいません。,
idolList.evolutionEmptyMessage,特訓可能なアイドルがいません。,
idolList.memorialPieceStatus.pieceNum,＋%{num},
idolList.leaveEditModeDialog.title,確認,确认
idolList.leaveEditModeDialog.text,まだ%{editType}は確定していません選択状態を解除して移動しますか？,
idolList.leaveEditModeDialog.tradeMoney,移籍,
idolList.leaveEditModeDialog.tradeMemorialPiece,変換,
gasha.closeAt,%{closeAt}まで,
gasha.redrawGashaNotice,確定するまで何度でも\n引き直すことができます,
gasha.resultMessage,既に加入済みのアイドルは控室に送られます。,
gasha.tweetLayerMessage,ツイートしたいアイドルを選択してください,
gasha.gashaText,%{quantity}回引く,
gasha.popTicketDesc,%{ticketName}を消費してガシャを%{quantity}回引きます。よろしいですか？,
gasha.popJewelDesc,フェザージュエルを%{price}個消費してガシャを%{quantity}回引きます。よろしいですか？,
gasha.popBanaCoinDesc,バナコインでガシャを%{quantity}回引きますか？,
gasha.popFreeDesc,無料で1回ガシャを引きますか？,
gasha.popRedrawConfirm.title,ご注意,
gasha.popRedrawConfirm.comment,「初回限定！運命の出会いガシャ」は、\nお気に入りのアイドルが出るまで\n何度でもガシャをやり直すことが可能です。,
gasha.popRedrawConfirm.notice,「初回限定！運命の出会いガシャ」の\nアイドルを確定してもよろしいですか？,
gasha.confirmDialog.title,使用確認,使用确认
gasha.confirmDialog.message,フェザージュエルを%{price}個消費して\nガシャを%{count}回引きます\nよろしいですか？,
gasha.confirmDialog.messageBilledOnly,ガシャを%{count}回引きます\nよろしいですか？,
gasha.confirmDialog.noticeBilledOnly,有償フェザージュエルでのみ購入可能,
gasha.confirmDialog.jewelNotice,無償フェザージュエルから先に消費されます,
gasha.confirmDialog.jewelNoticeBilledOnly,有償フェザージュエルが消費されます,
gasha.confirmDialog.jewelNoticeNeedsCharge,フェザージュエルが不足しています,
gasha.rateDescription,%{rarity}%{idolType}アイドル（%{count}種）,
gasha.detailPercentage,%{rate}%,
gasha.checkPopHeader,使用確認,使用确认
gasha.detailPopHeader,提供割合,
gasha.gashaSelectHeader,ガシャ選択,
gasha.produce,プロデュース,
gasha.support,サポート,
gasha.normalGashaSubtitle,通常ガシャ提供割合,
gasha.normalGashaSubtitleIdol,通常ガシャの提供アイドル一覧,
gasha.srUpSubtitle,SR以上確定提供割合,
gasha.srUpSubtitleIdol,SR以上確定の提供アイドル一覧,
gasha.ssrFixSubtitle,SSR確定提供割合,
gasha.ssrFixSubtitleIdol,SSR確定の提供アイドル一覧,
gasha.gashaTicketSubtitle,通常ガシャ提供割合,
gasha.gashaTicketSubtitleIdol,通常ガシャの提供アイドル一覧,
gasha.step1Subtitle,通常ガシャ提供割合,
gasha.step1SubtitleIdol,通常ガシャの提供アイドル一覧,
gasha.loadingWarning,読み込みに時間が掛かることがありますので、\nリロードはお控えください。,
gasha.noExpire,期限なし,
gasha.expireAt,使用期限：%{datetimeText},
gasha.stamp.nextPickUp,あと%{stampNumForNextPickUp}回で%{pickUpName}獲得！,
gasha.stamp.popReward.title,スタンプカード報酬,
gasha.stamp.popReward.text,以下のアイテムがプレゼントBOXに送られました,
gasha.stamp.notice,スタンプカードが最後まで埋まった後は1枚目～%{boardNum}枚目の内容を繰り返します,
gasha.freeGift.popReward.title,おまけ,
gasha.stepupRemainingHours,残り%{hours}時間,
gasha.stepupRemainingMinutes,残り%{minutes}分,
gasha.scoutGasha.idolList.title,対象アイドル一覧,
gasha.scoutGasha.idolList.expireAt,【有効期限】%{expireAt}まで,
gasha.scoutGasha.useConfirmation.title,使用確認,使用确认
gasha.scoutGasha.useConfirmation.description,セレクションチケットを消費して\n%{name}\nを獲得します\nよろしいですか？,
gasha.scoutGasha.noExpire,期限なし,
gasha.scoutGasha.expireAt,%{expireAt}まで,
guestUser,ゲスト,
jewelPurchase.limitation.message,%{minAge}歳〜%{maxAge}歳：%{limitation}円,
jewelPurchase.limitation.detailTitle,購入限度額確認,
jewelPurchase.limitation.detailMessage,１ヶ月の購入限度額は下記となります,
jewelPurchase.limitation.overTitle,購入限度額超過,
jewelPurchase.limitation.overMessage,購入限度額を超過しているため\nご購入いただくことができません\n\n※ないようがわからないときは\nおうちのひとにがめんをみせてください,
jewelPurchase.limitation.parentPermissionTitle,法定代理人の同意確認,
jewelPurchase.limitation.parentPermissionMessage,未成年の方がアプリ専用通貨等を\n購入される場合には、法定代理人(ご両親等)の\n同意を得てから購入してください\n\n※ないようがわからないときは\nおうちのひとにがめんをみせてください,
jewelPurchase.productsDialog.title,フェザージュエル購入,
jewelPurchase.productsDialog.productNum,%{num}個,
jewelPurchase.productsDialog.priceLabel,必要バナコイン,
jewelPurchase.productsDialog.priceLabelNative,価格,
jewelPurchase.confirmDialog.title,購入確認,
jewelPurchase.confirmDialog.messageBeforeBC,バナコインでジュエル,
jewelPurchase.confirmDialog.messageAfter,を購入しますか?,
jewelPurchase.confirmDialog.purchaseNum,%{num}個,
jewelPurchase.purchasedDialog.title,購入完了,
jewelPurchase.purchasedDialog.messageAfter,を購入しました,
jewelPurchase.purchasedDialog.possessionJewel,所持ジュエル,
jewelPurchase.purchasedDialog.possessionBC,所持バナコイン,
staffItemPoint,シール,
header.album,アルバム,
header.comic,４コマ漫画,4格漫画
header.exSkill,Exスキル変更,Ex技能更换
header.training,トレーニング,
header.trainingIdolList,トレーニングアイドル選択,
header.evolution,特訓,
header.evolutionIdolList,特訓アイドル選択,
header.deckEdit,ユニット編成,
header.option,オプション,
header.produceAreaSelect,プロデュース選択,
header.favoriteIdolSelect,アイドル選択,
header.produceItemPreparation,プロデュースアイテム準備,
header.invitation,SNS招待,
header.produceIdolSelect,プロデュースアイドル編成,
header.supportIdolSelect,サポートアイドル編成,
header.profile,プロフィール,
header.produceTop,プロデュース,
header.produceDeckInformation,プロデュースユニット確認,
header.produceActivity,スケジュール選択,
header.gasha,ガシャ,抽卡
header.help,ヘルプ,帮助
header.homeDeck,ホームユニット,
header.homeDeckAnimationBgChange,背景選択,背景选择
header.homeDeckAnimationCharacterChange,アイドル選択,
header.homeDeckMemberSelect,ホームユニットメンバー編成,
header.idolPortal,アイドル,
header.idolList,アイドル一覧,
header.musicSelect,楽曲選択,
header.notice,お知らせ,
header.fesMatchRanking,ランキング,
header.fesDeckView,ユニット確認,
header.memorialShop,メモリアルピースショップ,
header.titleSetting,称号設定,
header.ideaNote,アイデアノート,
header.workActivity,営業,
header.workActivitySelectIdol,営業アイドル選択,
header.workActivitySelectItem,お手製差し入れ持ち込み,
header.idolRanking,%{name}のランキング,
header.characterAlbum,%{firstName}のアルバム,
header.recycleShop,リサイクルショップ,
ideaNote.confirmReplacementPop.title,使用確認,使用确认
ideaNote.confirmReplacementPop.description,「%{current}」を使用中です。「%{selected}」を使用しますか？,
ideaNote.confirmReplacementPop.notice1,使用中のアイデアノートは消滅します,
ideaNote.confirmReplacementPop.notice2,新たに使用するアイデアノートの付加効果は次の週から反映されます,
ideaNote.forceSelectPop.title,使用確認,使用确认
ideaNote.forceSelectPop.description,「%{selected}」を使用しますか？,
ideaNote.forceSelectPop.notice,新たなアイデアノートに切り替える際使用中のアイデアノートは消滅します,
ideaNote.extraEffectsPop.title,アイデアノートの付加効果,
ideaNote.extraEffectDetailPop.title,付加効果詳細,
ideaNote.detail.difficulty.title,難易度,
ideaNote.detail.tab.stage,必要なアイデア,
ideaNote.detail.tab.extraEffect,付加効果,
ideaNote.detail.tab.completeBonus,コンプリートボーナス,
ideaNote.detail.emptyNotice,アイデアノートを使用していません,
ideaNote.detail.emptyComment,アイデアノートを埋めることでアイドルが更に成長します,
ideaNote.list.noteCount.title,所持アイデアノート,
ideaNote.list.noteCount.count,%{count}冊,
homeDeckBackgroundImage,ホームユニット背景,
homeDeck.displayType.illustration,イラストモード,
homeDeck.displayType.animation,アニメモード,
homeDeck.selectedBg,選択中の背景,
judgeTrend.bonusValue,★%{value}倍,
landscapeDialog.title,画面の向きについて,
landscapeDialog.text,このゲームは画面を横向きにしてお楽しみください。,
loginBonus.clerkComment.greeting,プロデューサーさん、こちらは今日のログインボーナスですよ,
loginBonus.clerkComment.nextBonus,明日はこちらがもらえますから、頑張っていきましょ〜,
loginBonus.clerkComment.totalBonus,今日はプロデューサー就任%{totalLoginDays}日記念ですね！これはみんなからのお祝いです！受け取ってください！,
loginBonus.accumulatedTotal.comment1,プロデューサー就任から,
loginBonus.accumulatedTotal.comment2,日経過,
loginBonus.accumulatedTotal.comment3,日記念まであと,
loginBonus.accumulatedTotal.comment4,日,
loginBonus.receive.title,報酬受け取り,
loginBonus.receive.message,以下の報酬を受け取りました,
maintenance.title,メンテナンス,
maintenance.defaultMessage,ただいま、メンテナンスを実施しております。\nご迷惑をおかけし、大変申し訳ございません。,
exSkill.none,未設定,
exSkill.possessionLabel,所持数 %{num},
exSkill.notConditionPop.title,Exスキル確認,
exSkill.notConditionPop.text,Exスキル枠が解放されていないため\nExスキルを設定できません,
exSkill.exSkillConfirmation.changeTitle,Exスキル変更確認,
exSkill.exSkillConfirmation.setTitle,Exスキル設定確認,
exSkill.exSkillRemoverResultPop.title,アイテム使用結果,
exSkill.exSkillRemoverResultPop.text,Exスキルスポイトを使って\n%{skillName}\nをストック化しました,
exSkill.exSkillRemoverConfirmationPop.title,使用確認,使用确认
exSkill.produceExSkillCondition.supportIdol.releaseCondition.text1,[解放条件]Lv.%{level}達成,
exSkill.produceExSkillCondition.supportIdol.releaseCondition.text2,[解放条件1]特訓%{evolution}回達成,
exSkill.produceExSkillCondition.supportIdol.releaseCondition.text3,[解放条件2]Lv.%{level}達成,
exSkill.produceExSkillCondition.idol.releaseCondition.text1,[解放条件1]%{name}True End達成,
exSkill.produceExSkillCondition.idol.releaseCondition.text2,[解放条件2]ファン人数%{fan}達成,
exSkill.exSkillChangeResultPop.title,Exスキル変更結果,
exSkill.exSkillChangeResultPop.text,Exスキルを変更しました,
exSkill.exSkillSetResultPop.title,Exスキル設定結果,
exSkill.exSkillSetResultPop.text,Exスキルを設定しました,
money,マニー,
mission.headerTitle,ミッション,
mission.popSort,達成状況絞り込み,
mission.popMissionDetail,ミッション詳細,
mission.popReceive.title,報酬受け取り,
mission.popReceive.comment,以下の報酬を受け取りました,
mission.noLimit,期限なし,无时间限制
mission.noMissionMessage,挑戦できるミッションはありません,
mission.expiredMission,ミッション挑戦期限を過ぎています,
mission.remainingMinutes,あと%{minutes}分,还剩{minutes}分
mission.remainingHours,あと%{hours}時間%{minutes}分,还剩%{hours}小时%{minutes}分
mission.remainingDays,あと%{days}日%{hours}時間,还剩%{days}天%{hours}小时
mission.receiveAllConfirm.text,ミッション報酬を新しいものから100件まで受け取ります。よろしいですか？,
mission.receiveAll.title,ミッション報酬一括受け取り,
mission.receiveAll.message,以下の報酬を受け取りました,
mission.receiveAll.maxMessageFooter,一部の報酬は最大所持数を超えているため\n受け取れませんでした,
mission.receiveAll.maxMessage,最大所持数を超えるため受け取れません,
mission.receiveAll.noPresentMessage,受け取れる報酬はありませんでした,
mission.receiveAll.itemNameNum,%{type} ×%{num},
option.saveMessage, \n \n設定を保存しました。, \n \n您的设置已保存。
option.volumeTitle.voice,ボイス,语音
option.produceContentTitle.touch,アイドルへのタップ判定,偶像的触碰判定
option.produceContentTitle.hint,はづきさんのヒント表示,
option.produceContentTitle.newEventSpeed,未読イベント開始時に早送り解除\n（アイドル・サポートイベント）,
option.produceContentTitle.restConfirm,休む選択時に確認画面を表示,
option.produceContentTitle.concertConfirm,ライブ選択時に確認画面を表示,
option.twitterProfileDescription,設定したイラストをTwitterでシェアできます\n投稿にはTwitter連携が必要です,
option.twitterDeAuthorizeDialog.title,連携解除,
option.twitterDeAuthorizeDialog.message,Twitter連携を解除しました,
idol,アイドル,
supportIdolDetail.fromGashaNotice,最大まで特訓とトレーニングを行なった状態を表示しています。,
idolDetail.fromGashaNotice,最大特訓時の状態を表示しています。,
idolDetail.headerTitle.produce,プロデュースアイドル詳細,
idolDetail.headerTitle.support,サポートアイドル詳細,
idolDetail.headerTitle.fes,フェスアイドル詳細,
idolDetail.holdTapHint,※アイコンを長押しでアイドルの詳細が確認できます,
idolDetail.skill.lockPanel,特訓%{evolutionStage}段階目,
idolDetail.supportParameter.remainingExp,あと%{exp},
idolDetail.totalFan.idolName,【%{name}】累計ファン人数,
idolDetail.produceDeck.detailPop.title,プロデュースデッキアイドル詳細,
idolDetail.produceDeck.detailPop.noSkillName,未設定,
idolDetail.canNotTradeDialog.title,確認,确认
idolDetail.canNotTradeDialog.isLocked,保護中のため移籍できません,
idolDetail.canNotTradeDialog.isFesIdol,選択中のユニットにセット中のため移籍できません,
idolDetail.tradeConfirmDialog.title,移籍確認,
idolDetail.tradeConfirmDialog.comment.default,このフェスアイドルとはお別れすることになります。 移籍を確定してよろしいですか？,
idolDetail.tradeConfirmDialog.comment.fesUnitMember,ユニットにセット中のアイドルとお別れすることになります。移籍を行うと、自動的にユニットから外れます。移籍を確定してもよろしいですか？,
idolDetail.tradeConfirmDialog.fesUnitMemberNotice,ユニットにセット中のアイドルが含まれています,
idolDetail.tradeResultDialog.title,移籍結果,
idolDetail.tradeResultDialog.comment1,フェスアイドル,
idolDetail.tradeResultDialog.comment2,の移籍により,
idolDetail.tradeResultDialog.money,%{money}マニー,
idolDetail.tradeResultDialog.comment3,を獲得しました,
idolDetail.tradeResultDialog.comment4,フェスアイドルの移籍により,
idolDetail.trueEndDialog.title,True End詳細,
idolDetail.trueEndDialog.condition,・アイドルランクA達成・W.I.N.G.優勝,
idolDetail.tradeMemorialPieceDialog.title,メモリアルピース変換確認,
idolDetail.tradeMemorialPieceDialog.comment,このアイドルとはお別れすることになります。変換を確定してよろしいですか？,
idolDetail.tradeMemorialPieceDialog.afterPieceCount,%{afterPieceCount}(+%{addPieceCount}),
idolDetail.tradeMemorialPieceDialog.addPieceCount,(+%{addPieceCount}),
idolDetail.tradeMemorialPieceDialog.srOrSsrNotice,SR以上の%{idolType}が選択されています,
idolDetail.tradeMemorialPieceDialog.maxNotice,最大所持量を超えるため変換できません,
idolDetail.receiveMemorialPieceDialog.title,メモリアルピース変換結果,
idolDetail.receiveMemorialPieceDialog.comment,%{idolType}%{idolName}を変換して%{pieceName}を受け取りました,
idolDetail.fesIdolMarkSelectDialog.title,フェスアイドルマーク,
idolDetail.idol,プロデュースアイドル,
idolDetail.supportIdol,サポートアイドル,
idolDetail.fesIdol,フェスアイドル,
idolDetail.guest,ゲスト,
idolPiece,メモリアルピース,
idolRank.txtFan,%{count}人,
idolRank.txtNextFan,あと  %{count}人,
item.limitNum,最大所持数: %{num},
item.headerTitle,アイテム一覧,
item.noItem,アイテムがありません。,
item.itemConfirm.title,使用確認,使用确认
item.itemConfirm.effect,以下のアイテムを使用して%{valueName}を回復しますか？,
item.itemConfirm.commentBlack,アイテムを使用すると,
item.itemConfirm.commentRed,自然回復の上限を超えて回復できます,
item.itemConfirm.warningMessage,%{itemName}の所持数が足りません,
item.itemResult.title,アイテム使用結果,
item.itemResult.effect,%{itemName}を使用して%{valueName}を%{gainValue}回復しました,
item.fesTicketRecoverPop.title,フェス参加権回復,
item.maxStamina,スタミナがMAXのため、これ以上回復できません。,
item.maxFesTicket,参加権がMAXのため、これ以上回復できません。,
item.expiredItem,期限を過ぎたため、使用できません。,
item.recoveryItem.type.produce.valueName,スタミナ,
item.recoveryItem.type.fes.valueName,参加権,
jewel,フェザージュエル,
musicSelect.recommendTitle,おまかせ,
musicSelect.recommendDescription,編成しているアイドルによって、ライブ中に流れる楽曲が変化します。\n同じユニットのアイドルを3人以上編成した状態でライブを行うと、\nそのユニット専用の楽曲が再生されます。\n\nまた、ユニット編成内で2人以上が特別な衣装を着用しているとライブ楽曲が\n固定されます。\n\n※詳細はヘルプ内「ライブ ＞ ライブ中の楽曲」よりご確認ください。,
musicSelect.salesLinkConfirmDialog.title,確認,确认
musicSelect.salesLinkConfirmDialog.message,外部サイトへ接続します。\n楽曲配信情報サイトに移動してもよろしいですか？,
native.specifiedCommercialTransaction.title,特定商取引法に基づく表示,
native.specifiedCommercialTransaction.message1,本サービス内で提供するコンテンツに関する取引条件は\n下記のとおりです。\n\n■販売業者\n株式会社バンダイナムコエンターテインメント\n〒108-0014　東京都港区芝5-37-8\n\n■代表者\n代表取締役　　大下　聡\n\n■お問い合わせ先\n【バンダイナムコエンターテインメント サポートセンター】,
native.specifiedCommercialTransaction.messageMailAddress.beforeAddress,メールアドレス：,
native.specifiedCommercialTransaction.messageMailAddress.address,idolmaster_sc_ip@net.bandai.co.jp,
native.specifiedCommercialTransaction.message2,受付時間：10：00−17：00\n（土日祝日および弊社休業日を除く）\n弊社電話番号はお客様からのご要望に基づき遅滞なく電子メールにて通知いたします。\n弊社電話番号が必要なお客様は上記メールアドレスからお申し出ください。\n\n■商品の販売価格\nコンテンツごとに表示されます。\n\n■代金のお支払方法,
native.specifiedCommercialTransaction.messageTermsOfPayment,弊社が別途定める決済方法によるお支払いとなります。,
native.specifiedCommercialTransaction.message3,\n■代金のお支払時期\nコンテンツ購入時となります。\n\n■商品の引渡時期\nコンテンツは、お支払手続き完了後、直ちに提供いたします。\n\n■返品について\n商品の性質上、返品はお受けできません。\n\n■不具合について\nコンテンツの利用に支障をきたす瑕疵が発生した場合、当該瑕疵の修補または代替品の提供をいたします。\n\n■動作環境,
native.specifiedCommercialTransaction.messageSystemRequirements.beforeLink,本サービスは必ず,
native.specifiedCommercialTransaction.messageSystemRequirements.link,こちら,
native.specifiedCommercialTransaction.messageSystemRequirements.afterLink,に記載の動作環境でご利用ください。,
native.specifiedCommercialTransaction.message4,なお、動作環境でご利用の場合も、お客様のご利用状況やご利用端末特有の要因により、本サービスが正常に動作しないことがあります。\n\n本サービスはインターネットに接続できる環境でご利用ください。なお、通信料はお客様のご負担となります。\n\n                                                                            以上,
platformMenu.title,インフォメーション,
popJoinRecommend.textInvitation,招待機能を利用するには、enzaメンバー登録が必要です。,
popJoinRecommend.textTicketEntry,チケット応募にはenzaに登録する必要があります。,
popPaymentLimitation.title,年齢別購入限度額,
popPaymentLimitation.description,アプリ専用通貨等の購入には\n年齢別に限度額が設定されています。,
popPaymentLimitation.limitations,"16歳未満　：　1ヶ月5,400円まで16歳～19歳　：　1ヶ月21,600円まで20歳以上　：　限度なし",
present.headerTitle,プレゼント,
present.noPresent.present,受け取れるプレゼントはありません,
present.noPresent.history,受け取り済みのプレゼントはありません,
present.present.title,%{name} ×%{num},
present.present.presentNum,×%{num},
present.present.noExpire,期限なし,
present.present.expireTime,%{expire}まで,
present.main.count.title.received,受取済プレゼント,
present.main.count.title.unReceive,未受取プレゼント,
present.main.count.unit,件,
present.main.notice,期限が切れたプレゼントは自動的に削除されます。また、一度に受け取れるプレゼントは100件までです。,
present.receive.title,プレゼント受け取り,
present.receive.message,以下のプレゼントを受け取りました,
present.receive.itemNameNum,%{Name} ×%{Num},
present.receiveAllConfirm.title,プレゼント一括受け取り,
present.receiveAllConfirm.text,プレゼントを新しいものから100件まで受け取ります。よろしいですか？,
present.receiveAll.title,プレゼント一括受け取り,
present.receiveAll.message,以下のプレゼントを受け取りました,
present.receiveAll.maxMessage,最大所持数を超えているため受け取れません,
present.receiveAll.maxMessageFooter,一部のプレゼントは最大所持数を超えているため\n受け取れませんでした,
present.receiveAll.noPresentMessage,受け取れるプレゼントはありませんでした,
filterPop.filterTitle,絞り込み,
filterPop.filter.friendship,絆,
filterPop.filter.recoveryStamina,体力,
filterPop.filter.recoveryTension,テンション,
filterPop.filter.avoidTrouble,トラブル,
filterPop.filter.changeTrend,流行,
filterPop.filter.navigation,ナビゲート,
filterPop.filter.supportIdolsLottery,サポート,
filterPop.filter.memoryPointUp,思い出,
filterPop.filter.defaultStatusUp,基礎能力,
filterPop.filter.dance,Dance,
filterPop.filter.vocal,Vocal,
filterPop.filter.visual,Visual,
filterPop.filter.mental,メンタル,
filterPop.filter.limitStaminaUp,体力,
filterPop.filter.placeAppearRate,レッスン・\nお仕事,
filterPop.filter.commu,コミュ,
produce.header.ideaNote.emptyNotice,使用していません,
produce.resumePop.progress,シーズン %{season} / 残り %{restOfSeasonWeek}週,
produce.produceItemPop.titleConfirm,使用確認,使用确认
produce.produceItemPop.titleResult,プロデュースアイテム使用,
produce.produceItemPop.messageConfirm,以下のアイテムを使用しますか？,
produce.produceItemPop.messageResult,以下のアイテムを使用しました,
produceHeader.produceSeason,シーズン %{seasonNum},
produceItemPreparation.filterTitle,絞り込み,
produceItemPreparation.sortTitle,並び替え,
produceItemPreparation.description.unselected,アイテムを選択していません,
produceItemPreparation.itemList.empty,プロデュースアイテムを所持していません,
produceItemPreparation.itemList.tips,プロデュースアイテムは、2つまで持っていくことができますよ〜,
produceItemPreparation.isNotRestricted,なし,
produceItemPreparation.isAreaRestricted,このアイテムは選択したプロデュースに\n持ち込むことができません,
produceItemPreparation.sameEffectType,同じ効果のプロデュースアイテムを複数持ち込むことはできません,
produceItemPreparation.beforeRelease,%{useOpenAt}以前は持ち込めません,
produceTop.deadline.season,シーズン%{seasonNum},
produceTop.homeConfirmPop.title,ホームに戻る,
produceTop.homeConfirmPop.message,現在のプロデュース内容を保存して、ホームに戻りますか？,
produceTop.restConfirmPop.title,確認画面,
produceTop.restConfirmPop.message,アイドルを休ませますか？,
produceTop.releasedCommentsPop.title,ボイス解放,
produceTop.releasedCommentsPop.message,を解放しましたホームにて聞くことができます,
produceTop.concertConfirmPop.title,確認画面,
produceTop.concertConfirmPop.message,ライブを開始しますか？,
produceTop.ideaNoteAlertPop.title,アイデアノート確認,
produceTop.ideaNoteAlertPop.message.default,アイデアノートが設定されていません。新たなアイデアノートを設定しますか？,
produceTop.ideaNoteAlertPop.message.complete,アイデアノートをコンプリートしました。新たなアイデアノートを設定しますか？,
produceTop.ideaNoteAlertPop.message.expired,アイデアノートの期限が切れました。\n新たなアイデアノートを設定しますか？,
produceAction.auditionRule,特殊ルール,
produceAction.auditionConditions,出場条件,
produceMain.supportSkillsDialogTitle,発動中サポートスキル,
produceCostume.requirements,を最大まで特訓する,
produceCostume.casualCloth,私服衣装,
produceCostume.idolCloth,ライブ衣装,
produceCostume.requirementsPopTitle,衣装解放条件,
produceCostume.changePopTitle,衣装変更確認,
produceSeasonResult.ideaNote.season,シーズン%{seasonNum},
produceSeasonResult.ideaNote.emptyNotice,獲得できるアイデアノートがありません,
produceAreaSelect.openTime,%{years}年%{months}月%{days}日%{hours}:%{minutes}以降に,
fanMeeting.live.evaluation.fanMeeting.good_performance,MVP,
fanMeeting.live.evaluation.fanMeeting.good_vocal,ベストボーカリスト,
fanMeeting.live.evaluation.fanMeeting.good_dance,ベストダンサー,
fanMeeting.live.evaluation.fanMeeting.good_visual,ベストモデル,
fanMeeting.live.evaluation.fanMeeting.good_mental,ベストMC,
fanMeeting.live.evaluation.fanMeeting.good_skill,ベストテクニック,
fanMeeting.live.evaluation.fanMeetingRehearsal.good_performance,グッドパフォーマンス,
fanMeeting.live.evaluation.fanMeetingRehearsal.good_vocal,グッドボーカル,
fanMeeting.live.evaluation.fanMeetingRehearsal.good_dance,グッドダンス,
fanMeeting.live.evaluation.fanMeetingRehearsal.good_visual,グッドビジュアル,
fanMeeting.live.evaluation.fanMeetingRehearsal.good_mental,グッドメンタル,
fanMeeting.live.evaluation.fanMeetingRehearsal.good_skill,グッドスキル,
fanMeeting.helperSupportIdolFriendShipLevel,アイドルの絆：%{level},
fanMeeting.callHelperSupportIdol,（感謝祭の準備……\nちょっと人手が足りないみたいだったな……）,
fanMeeting.selectHelperSupportIdol,（手伝いを頼めたらいいんだけど……\n……誰がいいだろう……？）,
produceReady.fanMeetingIdolRestrictionPop.title,編成アイドル制限,
produceReady.fanMeetingIdolRestrictionPop.text.produceIdol,上記アイドルは\nまだ「283プロファン感謝祭」で\nプロデュースアイドルに選択できません,
produceReady.fanMeetingIdolRestrictionPop.text.supportIdol,上記アイドルは\nまだ「283プロファン感謝祭」で\nサポートアイドルに選択できません,
profile.cardEditDialogTitle,名刺編集,
profile.pfRecommend,名前を変更するには、データ連携が必要です,
profile.error.ngWord,\n禁止ワードが含まれています,
profile.error.wordLength,\n入力文字数が不正です,
profile.commentEditDialog.title,自己紹介編集,
profile.commentEditDialog.commentDefault,よろしくお願いします,
profile.commentEditDialog.textLengthCount,%{count}/20,
profile.options.showUserName,プロデューサーネーム,
profile.options.showUserTitle,称号,
profile.options.showProfileComment,自己紹介,
profile.options.showFesDeckRank,フェスユニット評価,
profile.options.showUserGrade,最高到達グレード,
profile.options.showCharacterFan,ファン人数,
userPolicy.title,利用規約,
userPolicy.warningText,ないようがわからないときは\nおうちのひとにがめんをみせてください。,
shop.headerTitle,ショップ,
shop.headerTitles.money,マニーショップ,
shop.headerTitles.jewel,ジュエルショップ,
shop.headerTitles.gameEvent,イベントショップ,
shop.headerTitles.prevGameEvent,イベントショップ,
shop.headerTitles.premium,プレミアムショップ,
shop.headerTitles.staffItemPoint,はづきさんショップ,
shop.headerTitles.memorialPiece,メモリアルピースショップ,
shop.headerTitles.exchangeItem,衣装ショップ,
shop.headerTitles.trade,リサイクルショップ,
shop.shopDescriptions.money,マニーを使用してアイテムと交換できます,
shop.shopDescriptions.jewel,フェザージュエルを使用してアイテムと交換できます,
shop.shopDescriptions.gameEvent,イベントで入手したポイントとアイテムを交換できます,
shop.shopDescriptions.premium,いろいろなお買い得アイテムを購入できます,
shop.shopDescriptions.staffItemPoint,はづきさんシールを使用してアイテムと交換できます,
shop.shopDescriptions.memorialPiece,メモリアルピースを使用してアイテムと交換できます,
shop.shopDescriptions.exchangeItem,特別な衣装の交換・確認ができます,
shop.shopDescriptions.trade,複数のアイテムを別のアイテムに変換できます,
shop.possessionLabel,所持%{currencyName},
shop.shopItem.jewel,ジュエル,
shop.shopItem.billedJewel,有償ジュエル,
shop.shopItem.freeJewel,無償ジュエル,
shop.shopItem.piece,ピース,
shop.shopItem.priceLabel,必要%{currencyName},
shop.shopItem.disableText.lack,%{currencyName}不足,
shop.salesItemText.2106,お一人様1つ限定！\n「1st Anniversary 10連ガシャチケット×1」に「SR特訓はづきさん（プロデュース）×1」と「ゴールドトレーニングチケット×20」がついてくる特別なパッケージです！,
shop.salesItemText.2107,お一人様1つ限定！\n「ユニット別10連ガシャチケット×3」や「SSR特訓はづきさん（プロデュース）×1」「SSR特訓はづきさん（サポート）×1」などが入った特別なパッケージです！,
shop.salesItemText.2108,お一人様1つ限定！\n「10連ガシャチケット×1」に、好きなSSRアイドルを１人選べる「セレクションチケット」がついた、特別なパッケージです！,
shop.salesItemText.2109,お一人様1つ限定！\n「10連ガシャチケット×1」に、選択した好きなユニットからSSRアイドルを確率で獲得できる「ユニット別SSR確定ガシャチケット×1」がついた、特別なパッケージです！,
shop.salesItemDialog.remainingText1,あと,
shop.salesItemDialog.remainingText2,で販売終了,
shop.purchaseConfirmation.title,購入確認,
shop.purchaseConfirmation.message,%{currencyName}を消費して\n以下のアイテムを購入しますか？,
shop.purchaseConfirmation.messageSimple,以下のアイテムを購入しますか？,
shop.purchaseConfirmation.notice.convertMerchandise,解放済みのコミュはアルバムの鍵に変換されます,
shop.purchaseConfirmation.notice.jewelMerchandise,無償フェザージュエルから先に消費されます,
shop.exchangeConfirmation.title,交換確認,
shop.exchangeConfirmation.message,%{exchangeItemName}を消費して\n以下のアイテムと交換しますか？,
shop.banaCoinShopNotice,バナコイン決済とクレジットカードかんたん決済が使用できます,
shop.purchaseError.purchaseCountOver,購入上限を超えています,
shop.purchaseError.possessionCountOver,所持上限を超えています,
shop.purchaseError.moneyShortage,マニーが足りません,
shop.useBanaCoinConfirmation.message,バナコインで以下のアイテムを%{purchaseCount}個購入します,
shop.purchaseResult.title,購入結果,
shop.purchaseResult.message,%{title}を購入しました,
shop.purchaseResult.twoLinesMessage,%{title}を購入しました,
shop.purchasableText.noLimitText,なし,
shop.exchangeResult.title,交換結果,
shop.exchangeResult.message,%{title}と交換しました,
shop.exchangeResult.twoLinesMessage,%{title}と交換しました,
shop.currencyLabel.jewelType.billedJewel,有償,
shop.currencyLabel.jewelType.freeJewel,無償,
shop.expireDate,【交換期限】%{closeAt}まで,
shop.noShopItem,交換可能なアイテムがありません。,
recycleShop.tradeConfirmation.title,交換確認,
recycleShop.tradeConfirmation.message,以下のアイテムを交換しますか？,
recycleShop.purchaseResult.title,交換結果,
recycleShop.purchaseResult.message,%{title}を交換しました,
recycleShop.purchaseResult.twoLinesMessage,%{title}を交換しました,
skillBord.header,振り返り,
skillBord.acquireConfirmationTitle,スキル習得確認,
skillBord.acquireConfirmationMessage,SPを%{skillPoint}消費してスキルを習得しますか？,
skillBord.deleteSkillConfirmationTitle,スキル入れ替え確認,
skillBord.acquiredMessage,既に習得済みのスキルです。\n\nスキルポイントを消費せず、\nパネルの解放のみを行います。,
skillBord.produceAreaSkillList.title,%{produceTitle} 限定スキル,
skin,衣装,
skinExchange.headerTitle,衣装ショップ,
skinExchange.noMerchandiseNotice,交換できる衣装がありません。,
skinExchange.shop.possessionMarkCaption,所持数,
skinDetail.plainOnlyNotice,衣装変更対象は私服衣装のみとなり、ライブ衣装は変更されません。,
skinDetail.concertOnlyNotice,衣装変更対象はライブ衣装のみとなり、私服衣装は変更されません。,
skinKind.plain,私服衣装,
skinKind.concert,ライブ衣装,
specialCommunication.confirmationTitle,スペシャルコミュ再生確認,
specialCommunication.confirmationComment,%{title}\nが再生できます。\n\n再生しますか？,
specialCommunication.achievementRewardDialogTitle,スペシャルコミュ再生報酬,
speaker.producer,プロデューサー,
speaker.ceo,社長,
speaker.judge,審査員,
spine.cb,ちびキャラ,
spine.cbCostume,ちびキャラ(ライブ),
spine.cbSub,ちびサブキャラ,
spine.stand,等身キャラ,
spine.standSub,等身サブキャラ,
titleSelect.result.message,称号を設定しました,
supportIdol.remaining,あと %{remaining},
training.gainExpLabel,獲得Exp,
training.skillListTitle,習得するサポートスキル,
training.startConfirm,トレーニング確認,
training.resultTitle,トレーニング成功,
training.resultTitleGreat,トレーニング大成功,
trend.historyText,先週%{rank}位,
trend.txtNextFan,あと  %{count}人,
tutorial.openingMessage.mes0,「アイドル」,
tutorial.openingMessage.mes1,それは,
tutorial.openingMessage.mes2,女の子達の永遠の憧れ,
tutorial.openingMessage.mes3,だがアイドルの頂点に立てるのは,
tutorial.openingMessage.mes4,ただ、1組……,
tutorial.openingMessage.mes6,そんなサバイバルな世界に,
tutorial.openingMessage.mes7,今19人の女の子と,
tutorial.openingMessage.mes8,１人のプロデューサーが,
tutorial.openingMessage.mes9,足を踏み入れる！,
tutorial.skipPop.message,次のチュートリアルまでスキップします\nよろしいですか？,
tutorial.skipPop.title,確認,确认
tutorial.skipPop.warning1,各機能の説明はチュートリアル終了後も,
tutorial.skipPop.warning3,から確認可能です。,
tv.appearance,テレビ出演を果たした。\n,
tv.appearanceAfter,アイドル達の魅力が引き出されたように感じる。,
tv.performanceComment,今話題のアイドルが登場！圧巻のパフォーマンスを披露！,
twitter.PINCodeDialog.title,Twitter連携,
twitter.PINCodeDialog.description,Twitterに投稿するには、PINコードを取得して\nTwitterとの連携を認証する必要があります,
twitter.PINCodeDialog.PINCodeComment,取得したPINコードを入力してください,
twitter.PINCodeDialog.textBoxDefaultComment,PINコード入力,
twitter.alreadyAuthenticatedDialog.title,確認,确认
twitter.alreadyAuthenticatedDialog.description,既に連携済みです,
twitter.authenticateFailedDialog.title,エラー,
twitter.authenticateFailedDialog.description,PINコードの認証に失敗しました\n再度PINコードを取得してください,
twitter.illustrationSelectDialog.title,イラスト選択,
twitter.illustrationSelectDialog.description,どちらのイラストを使用しますか？,
twitter.illustrationSelectDialog.illustrationType.card,私服衣装,
twitter.illustrationSelectDialog.illustrationType.fesCard,ライブ衣装,
twitter.postDialog.title,Twitter投稿,
twitter.postDialog.authenticatingAccount,%{screenName} で認証中,
twitter.postDialog.textBoxDefaultComment,テキスト入力,
twitter.postDialog.description,イラストと上記の文章を含めてTwitterに投稿されます,
twitter.postDialog.businessCardDescription,各種画像と上記の文章を含めてTwitterに投稿されます,
twitter.postDialog.textLengthCount,%{count}/140,
twitter.postDialog.staticComment.favoriteIdol,魅力たっぷりのアイドルをプロデュースしてみよう！担当はこのアイドル！,
twitter.postDialog.staticComment.gashaResult,%{idolName}\nに出会ったよ！とっても素敵なアイドル！,
twitter.postDialog.staticComment.businessCard,よろしくお願いします。\n#シャニマス名刺,
twitter.postDialog.staticHashTag,#シャニマス #idolmaster,
twitter.tweetSuccessDialog.title,投稿完了,
twitter.tweetSuccessDialog.description,投稿が完了しました,
twitter.tweetFailedDialog.title,エラー,
twitter.tweetFailedDialog.description,投稿に失敗しました\nもう一度投稿するか再度認証を行ってください,
twitter.tweetFailedLimitRateDialog.title,エラー,
twitter.tweetFailedLimitRateDialog.description,ゲーム全体でのツイート数が\nTwitterの制限に達しているため\nツイートすることができません\n\nしばらく時間を置いてお試しください,
useBanaCoinPop.title,使用確認,使用确认
useBanaCoinPop.checkDescription,enzaポイントをバナコインに変換する,
workActivityTop.motivationLevel,モチベーションボーナス %{motivationLevel},
workActivityTop.createItemTitle,お手製差し入れ作成,
workActivityTop.createItemResultTitle,作成結果,
workActivityTop.purchaseSlotDescription,営業枠を１つ解放します\nよろしいですか？,
workActivityTop.purchaseBilledOnlyNotice,有償フェザージュエルでのみ購入可能,
workActivityTop.possessedJewelShortMessage,所持フェザージュエルが不足しています,
workActivityReady.startDialogTitle,営業開始確認,
workActivityReady.motivationLevel,モチベーションボーナス %{motivationLevel},
workActivityReady.motivationBonusDetail,獲得経験値とファン数が%{bonusRate}倍,
workActivityReady.motivationBonusNone,モチベーションボーナスはありません,
workActivityResult.skillListTitle,習得したサポートスキル,
workActivityResult.totalFan.idolName,【%{name}】累計ファン人数,
individualRanking.heldAt,%{time}まで,
individualRanking.tallyAt,%{time}まで,
individualRanking.rewardAt,%{time}から,
individualRanking.outOfRanking,圏外,
individualRanking.popup.title,ランキング報酬,
individualRanking.popup.headingBorder,順位,
individualRanking.popup.rewardBorder,%{start}位,
individualRanking.popup.rewardBorderRange,%{start}位〜%{end}位,
individualRanking.popup.itemNameNum,%{type} ×%{num},
individualRanking.accumulatedPresentListPop.title,累計ファン数達成報酬一覧,
individualRanking.accumulatedPresentListPop.needFan,%{fan} 人,
individualRanking.accumulatedPresentGetPopup.title,累計ファン数達成報酬,
individualRanking.accumulatedPresentGetPopup.text,以下のアイテムがプレゼントBOXに送られました,
individualRanking.characterRankingOutOfTermPop.title,集計期間外,
individualRanking.characterRankingOutOfTermPop.text,現在は\n「%{name}」\nのランキング集計期間外です\n\n集計期間外にプロデュースや営業を達成しても\nイベントランキングのファン数には加算されません,
